,sorgu,label,le
174,kredi kartı şifremi değiştirmek istiyorum,yenisifre,5
175,kredi kartı şifresini değiştirmek istiyorum,yenisifre,5
176,kart şifremi yenilemek istiyorum,yenisifre,5
177,yeni kart şifresi istiyorum,yenisifre,5
178,kart şifremi sıfırlamak istiyorum,yenisifre,5
179,kredi kartı şifremi sıfırlamak istiyorum,yenisifre,5
180,kart şifremi değiştirmek istiyorum,yenisifre,5
181,kredi kartı şifremi yenilemek istiyorum,yenisifre,5
182,yeni kredi kartı şifresi talep ediyorum,yenisifre,5
183,kredi kartımın şifresini sıfırlamak istiyorum,yenisifre,5
184,kart şifremi güncellemek istiyorum,yenisifre,5
185,şifremi değiştirmek istiyorum,yenisifre,5
186,kartımın şifresini değiştirmek istiyorum,yenisifre,5
187,kredi kartımın şifresini yenilemek istiyorum,yenisifre,5
188,kart şifremi değiştirebilir miyim,yenisifre,5
189,kredi kartı şifremi değiştirebilir miyim,yenisifre,5
190,kredi kartı şifremi sıfırlayabilir miyim,yenisifre,5
191,kart şifremi sıfırlamak mümkün mü,yenisifre,5
192,yeni kart şifresi oluşturmak istiyorum,yenisifre,5
193,kart şifremi değiştirebilir misiniz,yenisifre,5
194,kredi kartı şifremi sıfırlayabilir misiniz,yenisifre,5
195,kart şifremi değiştirme işlemi yapmak istiyorum,yenisifre,5
196,kredi kartı şifremi yenilemek için yardımcı olur musunuz,yenisifre,5
197,kart şifresi sıfırlama işlemi yapmak istiyorum,yenisifre,5
198,kredi kartımın şifresini sıfırlamak istiyorum,yenisifre,5
199,kart şifresini sıfırlamak için yardım istiyorum,yenisifre,5
200,yeni bir kart şifresi belirlemek istiyorum,yenisifre,5
201,kart şifresi oluşturmak istiyorum,yenisifre,5
202,kart şifremi yenilemek için nasıl bir işlem yapmalıyım,yenisifre,5
203,kredi kartı şifremi değiştirmek için nasıl bir işlem yapmalıyım,yenisifre,5
204,kart şifresi değiştirmek için ne yapmalıyım,yenisifre,5
205,kredi kartı şifresini değiştirmek için ne yapmalıyım,yenisifre,5
206,kart şifremi sıfırlama adımlarını öğrenmek istiyorum,yenisifre,5
207,yeni kredi kartı şifresi almak istiyorum,yenisifre,5
208,kart şifremi güncellemek için nasıl bir işlem yapmalıyım,yenisifre,5
209,kredi kartı şifremi güncellemek için nasıl bir işlem yapmalıyım,yenisifre,5
210,şifre sıfırlamak istiyorum,yenisifre,5
211,kart şifremi sıfırlama talebinde bulunmak istiyorum,yenisifre,5
212,kredi kartı şifremi sıfırlamak için yardımcı olun,yenisifre,5
213,kart şifremi yenilemek için bilgi almak istiyorum,yenisifre,5
214,kredi kartımın şifresini yenilemek için yardım istiyorum,yenisifre,5
215,yeni kart şifresi belirlemek istiyorum,yenisifre,5
216,şifremi sıfırlamak istiyorum,yenisifre,5
217,yeni şifre almak istiyorum,yenisifre,5
218,kredi kartı şifremi sıfırlayacak bir işlem yapmak istiyorum,yenisifre,5
219,kart şifresi sıfırlama işlemi hakkında bilgi almak istiyorum,yenisifre,5
220,yeni kredi kartı şifresi almak istiyorum,yenisifre,5
221,kart şifremi yenileme işlemi hakkında bilgi almak istiyorum,yenisifre,5
222,kart şifremi sıfırlamak için nasıl yardımcı olabilirsiniz,yenisifre,5
223,kredi kartı şifremi sıfırlamak için nasıl yardımcı olabilirsiniz,yenisifre,5
224,kart şifresini değiştirmek için ne yapmalıyım,yenisifre,5
225,kredi kartı şifresini değiştirmek için nasıl bir işlem yapabilirim,yenisifre,5
226,kart şifremi değiştirmek için ne yapmalıyım,yenisifre,5
